block_type,condition,img_name
block_start,scrambled,scrambled026.bmp
block,scrambled,scrambled068.bmp
block,scrambled,scrambled081.bmp
block,scrambled,scrambled064.bmp
block,scrambled,scrambled056.bmp
block,scrambled,scrambled088.bmp
block,scrambled,scrambled012.bmp
block,scrambled,scrambled048.bmp
block,scrambled,scrambled075.bmp
block,scrambled,scrambled034.bmp
block,scrambled,scrambled087.bmp
block,scrambled,scrambled039.bmp
block,scrambled,scrambled029.bmp
block,scrambled,scrambled061.bmp
block_end,scrambled,scrambled008.bmp
block_start,scenes,scenes050.bmp
block,scenes,scenes049.bmp
block,scenes,scenes053.bmp
block,scenes,scenes015.bmp
block,scenes,scenes073.bmp
block,scenes,scenes029.bmp
block,scenes,scenes089.bmp
block,scenes,scenes018.bmp
block,scenes,scenes039.bmp
block,scenes,scenes023.bmp
block,scenes,scenes046.bmp
block,scenes,scenes036.bmp
block,scenes,scenes079.bmp
block,scenes,scenes042.bmp
block_end,scenes,scenes063.bmp
block_start,objects,objects049.bmp
block,objects,objects061.bmp
block,objects,objects038.bmp
block,objects,objects074.bmp
block,objects,objects037.bmp
block,objects,objects079.bmp
block,objects,objects002.bmp
block,objects,objects066.bmp
block,objects,objects031.bmp
block,objects,objects011.bmp
block,objects,objects050.bmp
block,objects,objects050.bmp
block,objects,objects067.bmp
block,objects,objects043.bmp
block_end,objects,objects059.bmp
null,null,null
block_start,faces,faces022.bmp
block,faces,faces008.bmp
block,faces,faces006.bmp
block,faces,faces082.bmp
block,faces,faces077.bmp
block,faces,faces065.bmp
block,faces,faces020.bmp
block,faces,faces010.bmp
block,faces,faces030.bmp
block,faces,faces070.bmp
block,faces,faces036.bmp
block,faces,faces073.bmp
block,faces,faces025.bmp
block,faces,faces039.bmp
block_end,faces,faces013.bmp
block_start,scenes,scenes029.bmp
block,scenes,scenes042.bmp
block,scenes,scenes017.bmp
block,scenes,scenes049.bmp
block,scenes,scenes050.bmp
block,scenes,scenes016.bmp
block,scenes,scenes009.bmp
block,scenes,scenes003.bmp
block,scenes,scenes003.bmp
block,scenes,scenes056.bmp
block,scenes,scenes008.bmp
block,scenes,scenes030.bmp
block,scenes,scenes060.bmp
block,scenes,scenes057.bmp
block_end,scenes,scenes046.bmp
null,null,null
block_start,scrambled,scrambled050.bmp
block,scrambled,scrambled088.bmp
block,scrambled,scrambled068.bmp
block,scrambled,scrambled004.bmp
block,scrambled,scrambled054.bmp
block,scrambled,scrambled005.bmp
block,scrambled,scrambled028.bmp
block,scrambled,scrambled082.bmp
block,scrambled,scrambled074.bmp
block,scrambled,scrambled008.bmp
block,scrambled,scrambled046.bmp
block,scrambled,scrambled030.bmp
block,scrambled,scrambled086.bmp
block,scrambled,scrambled061.bmp
block_end,scrambled,scrambled052.bmp
block_start,faces,faces071.bmp
block,faces,faces045.bmp
block,faces,faces017.bmp
block,faces,faces008.bmp
block,faces,faces076.bmp
block,faces,faces083.bmp
block,faces,faces025.bmp
block,faces,faces061.bmp
block,faces,faces079.bmp
block,faces,faces016.bmp
block,faces,faces070.bmp
block,faces,faces049.bmp
block,faces,faces074.bmp
block,faces,faces088.bmp
block_end,faces,faces047.bmp
block_start,objects,objects027.bmp
block,objects,objects003.bmp
block,objects,objects018.bmp
block,objects,objects026.bmp
block,objects,objects059.bmp
block,objects,objects032.bmp
block,objects,objects070.bmp
block,objects,objects075.bmp
block,objects,objects085.bmp
block,objects,objects011.bmp
block,objects,objects012.bmp
block,objects,objects060.bmp
block,objects,objects041.bmp
block,objects,objects048.bmp
block_end,objects,objects076.bmp
block_start,objects,objects017.bmp
block,objects,objects074.bmp
block,objects,objects088.bmp
block,objects,objects003.bmp
block,objects,objects016.bmp
block,objects,objects081.bmp
block,objects,objects037.bmp
block,objects,objects039.bmp
block,objects,objects011.bmp
block,objects,objects018.bmp
block,objects,objects002.bmp
block,objects,objects087.bmp
block,objects,objects041.bmp
block,objects,objects059.bmp
block_end,objects,objects014.bmp
block_start,scrambled,scrambled062.bmp
block,scrambled,scrambled032.bmp
block,scrambled,scrambled030.bmp
block,scrambled,scrambled038.bmp
block,scrambled,scrambled078.bmp
block,scrambled,scrambled003.bmp
block,scrambled,scrambled049.bmp
block,scrambled,scrambled088.bmp
block,scrambled,scrambled028.bmp
block,scrambled,scrambled083.bmp
block,scrambled,scrambled068.bmp
block,scrambled,scrambled066.bmp
block,scrambled,scrambled017.bmp
block,scrambled,scrambled039.bmp
block_end,scrambled,scrambled079.bmp
block_start,faces,faces037.bmp
block,faces,faces002.bmp
block,faces,faces032.bmp
block,faces,faces055.bmp
block,faces,faces055.bmp
block,faces,faces046.bmp
block,faces,faces023.bmp
block,faces,faces038.bmp
block,faces,faces080.bmp
block,faces,faces045.bmp
block,faces,faces040.bmp
block,faces,faces083.bmp
block,faces,faces034.bmp
block,faces,faces013.bmp
block_end,faces,faces082.bmp
null,null,null
block_start,scenes,scenes059.bmp
block,scenes,scenes003.bmp
block,scenes,scenes089.bmp
block,scenes,scenes052.bmp
block,scenes,scenes091.bmp
block,scenes,scenes071.bmp
block,scenes,scenes011.bmp
block,scenes,scenes006.bmp
block,scenes,scenes008.bmp
block,scenes,scenes086.bmp
block,scenes,scenes002.bmp
block,scenes,scenes084.bmp
block,scenes,scenes045.bmp
block,scenes,scenes092.bmp
block_end,scenes,scenes050.bmp
block_start,faces,faces012.bmp
block,faces,faces042.bmp
block,faces,faces069.bmp
block,faces,faces028.bmp
block,faces,faces024.bmp
block,faces,faces083.bmp
block,faces,faces037.bmp
block,faces,faces074.bmp
block,faces,faces049.bmp
block,faces,faces060.bmp
block,faces,faces057.bmp
block,faces,faces078.bmp
block,faces,faces026.bmp
block,faces,faces014.bmp
block_end,faces,faces033.bmp
null,null,null
block_start,objects,objects003.bmp
block,objects,objects018.bmp
block,objects,objects085.bmp
block,objects,objects009.bmp
block,objects,objects032.bmp
block,objects,objects075.bmp
block,objects,objects038.bmp
block,objects,objects073.bmp
block,objects,objects025.bmp
block,objects,objects070.bmp
block,objects,objects086.bmp
block,objects,objects056.bmp
block,objects,objects076.bmp
block,objects,objects029.bmp
block_end,objects,objects060.bmp
block_start,scrambled,scrambled054.bmp
block,scrambled,scrambled003.bmp
block,scrambled,scrambled024.bmp
block,scrambled,scrambled033.bmp
block,scrambled,scrambled044.bmp
block,scrambled,scrambled040.bmp
block,scrambled,scrambled040.bmp
block,scrambled,scrambled020.bmp
block,scrambled,scrambled016.bmp
block,scrambled,scrambled027.bmp
block,scrambled,scrambled081.bmp
block,scrambled,scrambled073.bmp
block,scrambled,scrambled080.bmp
block,scrambled,scrambled034.bmp
block_end,scrambled,scrambled072.bmp
block_start,scenes,scenes048.bmp
block,scenes,scenes051.bmp
block,scenes,scenes030.bmp
block,scenes,scenes078.bmp
block,scenes,scenes090.bmp
block,scenes,scenes003.bmp
block,scenes,scenes087.bmp
block,scenes,scenes049.bmp
block,scenes,scenes033.bmp
block,scenes,scenes020.bmp
block,scenes,scenes053.bmp
block,scenes,scenes025.bmp
block,scenes,scenes041.bmp
block,scenes,scenes059.bmp
block_end,scenes,scenes028.bmp
null,null,null
block_start,objects,objects022.bmp
block,objects,objects063.bmp
block,objects,objects065.bmp
block,objects,objects041.bmp
block,objects,objects050.bmp
block,objects,objects021.bmp
block,objects,objects068.bmp
block,objects,objects078.bmp
block,objects,objects058.bmp
block,objects,objects045.bmp
block,objects,objects005.bmp
block,objects,objects086.bmp
block,objects,objects048.bmp
block,objects,objects066.bmp
block_end,objects,objects054.bmp
block_start,scrambled,scrambled021.bmp
block,scrambled,scrambled016.bmp
block,scrambled,scrambled012.bmp
block,scrambled,scrambled030.bmp
block,scrambled,scrambled001.bmp
block,scrambled,scrambled054.bmp
block,scrambled,scrambled076.bmp
block,scrambled,scrambled087.bmp
block,scrambled,scrambled084.bmp
block,scrambled,scrambled074.bmp
block,scrambled,scrambled078.bmp
block,scrambled,scrambled082.bmp
block,scrambled,scrambled020.bmp
block,scrambled,scrambled029.bmp
block_end,scrambled,scrambled024.bmp
block_start,faces,faces075.bmp
block,faces,faces062.bmp
block,faces,faces082.bmp
block,faces,faces001.bmp
block,faces,faces029.bmp
block,faces,faces016.bmp
block,faces,faces086.bmp
block,faces,faces003.bmp
block,faces,faces045.bmp
block,faces,faces018.bmp
block,faces,faces055.bmp
block,faces,faces005.bmp
block,faces,faces026.bmp
block,faces,faces084.bmp
block_end,faces,faces067.bmp
block_start,scenes,scenes009.bmp
block,scenes,scenes037.bmp
block,scenes,scenes037.bmp
block,scenes,scenes053.bmp
block,scenes,scenes091.bmp
block,scenes,scenes004.bmp
block,scenes,scenes078.bmp
block,scenes,scenes050.bmp
block,scenes,scenes040.bmp
block,scenes,scenes085.bmp
block,scenes,scenes063.bmp
block,scenes,scenes025.bmp
block,scenes,scenes061.bmp
block,scenes,scenes027.bmp
block_end,scenes,scenes060.bmp
block_start,objects,objects022.bmp
block,objects,objects044.bmp
block,objects,objects070.bmp
block,objects,objects051.bmp
block,objects,objects042.bmp
block,objects,objects034.bmp
block,objects,objects009.bmp
block,objects,objects017.bmp
block,objects,objects074.bmp
block,objects,objects071.bmp
block,objects,objects069.bmp
block,objects,objects068.bmp
block,objects,objects036.bmp
block,objects,objects033.bmp
block_end,objects,objects067.bmp
null,null,null
block_start,scenes,scenes045.bmp
block,scenes,scenes010.bmp
block,scenes,scenes026.bmp
block,scenes,scenes044.bmp
block,scenes,scenes013.bmp
block,scenes,scenes046.bmp
block,scenes,scenes007.bmp
block,scenes,scenes042.bmp
block,scenes,scenes082.bmp
block,scenes,scenes074.bmp
block,scenes,scenes040.bmp
block,scenes,scenes054.bmp
block,scenes,scenes047.bmp
block,scenes,scenes063.bmp
block_end,scenes,scenes058.bmp
block_start,scrambled,scrambled031.bmp
block,scrambled,scrambled061.bmp
block,scrambled,scrambled049.bmp
block,scrambled,scrambled021.bmp
block,scrambled,scrambled015.bmp
block,scrambled,scrambled013.bmp
block,scrambled,scrambled052.bmp
block,scrambled,scrambled088.bmp
block,scrambled,scrambled080.bmp
block,scrambled,scrambled037.bmp
block,scrambled,scrambled076.bmp
block,scrambled,scrambled001.bmp
block,scrambled,scrambled030.bmp
block,scrambled,scrambled048.bmp
block_end,scrambled,scrambled084.bmp
block_start,faces,faces057.bmp
block,faces,faces058.bmp
block,faces,faces039.bmp
block,faces,faces039.bmp
block,faces,faces001.bmp
block,faces,faces053.bmp
block,faces,faces029.bmp
block,faces,faces046.bmp
block,faces,faces050.bmp
block,faces,faces087.bmp
block,faces,faces024.bmp
block,faces,faces043.bmp
block,faces,faces082.bmp
block,faces,faces042.bmp
block_end,faces,faces038.bmp
block_start,faces,faces013.bmp
block,faces,faces056.bmp
block,faces,faces079.bmp
block,faces,faces077.bmp
block,faces,faces068.bmp
block,faces,faces009.bmp
block,faces,faces019.bmp
block,faces,faces052.bmp
block,faces,faces042.bmp
block,faces,faces037.bmp
block,faces,faces044.bmp
block,faces,faces084.bmp
block,faces,faces017.bmp
block,faces,faces001.bmp
block_end,faces,faces086.bmp
null,null,null
block_start,scenes,scenes044.bmp
block,scenes,scenes060.bmp
block,scenes,scenes008.bmp
block,scenes,scenes091.bmp
block,scenes,scenes082.bmp
block,scenes,scenes040.bmp
block,scenes,scenes017.bmp
block,scenes,scenes026.bmp
block,scenes,scenes032.bmp
block,scenes,scenes018.bmp
block,scenes,scenes076.bmp
block,scenes,scenes013.bmp
block,scenes,scenes065.bmp
block,scenes,scenes075.bmp
block_end,scenes,scenes043.bmp
block_start,objects,objects028.bmp
block,objects,objects002.bmp
block,objects,objects088.bmp
block,objects,objects007.bmp
block,objects,objects076.bmp
block,objects,objects004.bmp
block,objects,objects041.bmp
block,objects,objects030.bmp
block,objects,objects064.bmp
block,objects,objects060.bmp
block,objects,objects082.bmp
block,objects,objects062.bmp
block,objects,objects068.bmp
block,objects,objects024.bmp
block_end,objects,objects073.bmp
block_start,scrambled,scrambled007.bmp
block,scrambled,scrambled070.bmp
block,scrambled,scrambled063.bmp
block,scrambled,scrambled064.bmp
block,scrambled,scrambled073.bmp
block,scrambled,scrambled016.bmp
block,scrambled,scrambled081.bmp
block,scrambled,scrambled081.bmp
block,scrambled,scrambled036.bmp
block,scrambled,scrambled025.bmp
block,scrambled,scrambled005.bmp
block,scrambled,scrambled056.bmp
block,scrambled,scrambled027.bmp
block,scrambled,scrambled047.bmp
block_end,scrambled,scrambled060.bmp
block_start,scrambled,scrambled072.bmp
block,scrambled,scrambled032.bmp
block,scrambled,scrambled028.bmp
block,scrambled,scrambled051.bmp
block,scrambled,scrambled067.bmp
block,scrambled,scrambled052.bmp
block,scrambled,scrambled084.bmp
block,scrambled,scrambled068.bmp
block,scrambled,scrambled033.bmp
block,scrambled,scrambled069.bmp
block,scrambled,scrambled005.bmp
block,scrambled,scrambled006.bmp
block,scrambled,scrambled078.bmp
block,scrambled,scrambled023.bmp
block_end,scrambled,scrambled087.bmp
block_start,faces,faces018.bmp
block,faces,faces043.bmp
block,faces,faces040.bmp
block,faces,faces001.bmp
block,faces,faces086.bmp
block,faces,faces080.bmp
block,faces,faces021.bmp
block,faces,faces017.bmp
block,faces,faces031.bmp
block,faces,faces066.bmp
block,faces,faces007.bmp
block,faces,faces003.bmp
block,faces,faces025.bmp
block,faces,faces055.bmp
block_end,faces,faces014.bmp
block_start,scenes,scenes002.bmp
block,scenes,scenes034.bmp
block,scenes,scenes009.bmp
block,scenes,scenes089.bmp
block,scenes,scenes078.bmp
block,scenes,scenes068.bmp
block,scenes,scenes067.bmp
block,scenes,scenes008.bmp
block,scenes,scenes079.bmp
block,scenes,scenes018.bmp
block,scenes,scenes032.bmp
block,scenes,scenes065.bmp
block,scenes,scenes064.bmp
block,scenes,scenes037.bmp
block_end,scenes,scenes085.bmp
block_start,objects,objects005.bmp
block,objects,objects005.bmp
block,objects,objects024.bmp
block,objects,objects087.bmp
block,objects,objects078.bmp
block,objects,objects027.bmp
block,objects,objects070.bmp
block,objects,objects068.bmp
block,objects,objects032.bmp
block,objects,objects081.bmp
block,objects,objects060.bmp
block,objects,objects037.bmp
block,objects,objects007.bmp
block,objects,objects085.bmp
block_end,objects,objects045.bmp
null,null,null
block_start,objects,objects073.bmp
block,objects,objects007.bmp
block,objects,objects016.bmp
block,objects,objects037.bmp
block,objects,objects080.bmp
block,objects,objects077.bmp
block,objects,objects033.bmp
block,objects,objects066.bmp
block,objects,objects054.bmp
block,objects,objects065.bmp
block,objects,objects011.bmp
block,objects,objects038.bmp
block,objects,objects006.bmp
block,objects,objects083.bmp
block_end,objects,objects034.bmp
block_start,faces,faces036.bmp
block,faces,faces077.bmp
block,faces,faces047.bmp
block,faces,faces009.bmp
block,faces,faces075.bmp
block,faces,faces039.bmp
block,faces,faces043.bmp
block,faces,faces033.bmp
block,faces,faces027.bmp
block,faces,faces081.bmp
block,faces,faces034.bmp
block,faces,faces083.bmp
block,faces,faces056.bmp
block,faces,faces084.bmp
block_end,faces,faces058.bmp
block_start,scenes,scenes075.bmp
block,scenes,scenes054.bmp
block,scenes,scenes076.bmp
block,scenes,scenes055.bmp
block,scenes,scenes078.bmp
block,scenes,scenes030.bmp
block,scenes,scenes091.bmp
block,scenes,scenes081.bmp
block,scenes,scenes062.bmp
block,scenes,scenes085.bmp
block,scenes,scenes077.bmp
block,scenes,scenes028.bmp
block,scenes,scenes089.bmp
block,scenes,scenes009.bmp
block_end,scenes,scenes047.bmp
block_start,scrambled,scrambled068.bmp
block,scrambled,scrambled064.bmp
block,scrambled,scrambled010.bmp
block,scrambled,scrambled010.bmp
block,scrambled,scrambled066.bmp
block,scrambled,scrambled023.bmp
block,scrambled,scrambled075.bmp
block,scrambled,scrambled043.bmp
block,scrambled,scrambled039.bmp
block,scrambled,scrambled022.bmp
block,scrambled,scrambled014.bmp
block,scrambled,scrambled081.bmp
block,scrambled,scrambled082.bmp
block,scrambled,scrambled006.bmp
block_end,scrambled,scrambled087.bmp
null,null,null
block_start,scenes,scenes070.bmp
block,scenes,scenes015.bmp
block,scenes,scenes085.bmp
block,scenes,scenes010.bmp
block,scenes,scenes077.bmp
block,scenes,scenes073.bmp
block,scenes,scenes065.bmp
block,scenes,scenes042.bmp
block,scenes,scenes023.bmp
block,scenes,scenes075.bmp
block,scenes,scenes008.bmp
block,scenes,scenes016.bmp
block,scenes,scenes037.bmp
block,scenes,scenes062.bmp
block_end,scenes,scenes031.bmp
block_start,scrambled,scrambled025.bmp
block,scrambled,scrambled070.bmp
block,scrambled,scrambled053.bmp
block,scrambled,scrambled071.bmp
block,scrambled,scrambled064.bmp
block,scrambled,scrambled052.bmp
block,scrambled,scrambled041.bmp
block,scrambled,scrambled057.bmp
block,scrambled,scrambled020.bmp
block,scrambled,scrambled086.bmp
block,scrambled,scrambled013.bmp
block,scrambled,scrambled038.bmp
block,scrambled,scrambled018.bmp
block,scrambled,scrambled008.bmp
block_end,scrambled,scrambled088.bmp
null,null,null
block_start,objects,objects019.bmp
block,objects,objects045.bmp
block,objects,objects038.bmp
block,objects,objects083.bmp
block,objects,objects065.bmp
block,objects,objects072.bmp
block,objects,objects063.bmp
block,objects,objects079.bmp
block,objects,objects031.bmp
block,objects,objects059.bmp
block,objects,objects044.bmp
block,objects,objects073.bmp
block,objects,objects005.bmp
block,objects,objects033.bmp
block_end,objects,objects067.bmp
block_start,faces,faces083.bmp
block,faces,faces066.bmp
block,faces,faces042.bmp
block,faces,faces023.bmp
block,faces,faces008.bmp
block,faces,faces073.bmp
block,faces,faces060.bmp
block,faces,faces060.bmp
block,faces,faces078.bmp
block,faces,faces002.bmp
block,faces,faces039.bmp
block,faces,faces014.bmp
block,faces,faces013.bmp
block,faces,faces056.bmp
block_end,faces,faces015.bmp
block_start,faces,faces035.bmp
block,faces,faces017.bmp
block,faces,faces008.bmp
block,faces,faces020.bmp
block,faces,faces075.bmp
block,faces,faces053.bmp
block,faces,faces049.bmp
block,faces,faces071.bmp
block,faces,faces002.bmp
block,faces,faces021.bmp
block,faces,faces072.bmp
block,faces,faces026.bmp
block,faces,faces060.bmp
block,faces,faces067.bmp
block_end,faces,faces057.bmp
block_start,scenes,scenes069.bmp
block,scenes,scenes075.bmp
block,scenes,scenes070.bmp
block,scenes,scenes057.bmp
block,scenes,scenes066.bmp
block,scenes,scenes017.bmp
block,scenes,scenes073.bmp
block,scenes,scenes001.bmp
block,scenes,scenes025.bmp
block,scenes,scenes088.bmp
block,scenes,scenes088.bmp
block,scenes,scenes084.bmp
block,scenes,scenes022.bmp
block,scenes,scenes034.bmp
block_end,scenes,scenes033.bmp
block_start,objects,objects033.bmp
block,objects,objects007.bmp
block,objects,objects081.bmp
block,objects,objects045.bmp
block,objects,objects083.bmp
block,objects,objects018.bmp
block,objects,objects035.bmp
block,objects,objects010.bmp
block,objects,objects001.bmp
block,objects,objects070.bmp
block,objects,objects032.bmp
block,objects,objects052.bmp
block,objects,objects051.bmp
block,objects,objects031.bmp
block_end,objects,objects038.bmp
null,null,null
block_start,scrambled,scrambled068.bmp
block,scrambled,scrambled018.bmp
block,scrambled,scrambled088.bmp
block,scrambled,scrambled017.bmp
block,scrambled,scrambled052.bmp
block,scrambled,scrambled029.bmp
block,scrambled,scrambled086.bmp
block,scrambled,scrambled060.bmp
block,scrambled,scrambled039.bmp
block,scrambled,scrambled074.bmp
block,scrambled,scrambled014.bmp
block,scrambled,scrambled072.bmp
block,scrambled,scrambled033.bmp
block,scrambled,scrambled015.bmp
block_end,scrambled,scrambled044.bmp
block_start,objects,objects065.bmp
block,objects,objects020.bmp
block,objects,objects020.bmp
block,objects,objects071.bmp
block,objects,objects019.bmp
block,objects,objects083.bmp
block,objects,objects004.bmp
block,objects,objects064.bmp
block,objects,objects012.bmp
block,objects,objects058.bmp
block,objects,objects051.bmp
block,objects,objects062.bmp
block,objects,objects013.bmp
block,objects,objects021.bmp
block_end,objects,objects027.bmp
null,null,null
block_start,faces,faces056.bmp
block,faces,faces082.bmp
block,faces,faces005.bmp
block,faces,faces035.bmp
block,faces,faces068.bmp
block,faces,faces088.bmp
block,faces,faces055.bmp
block,faces,faces076.bmp
block,faces,faces071.bmp
block,faces,faces053.bmp
block,faces,faces066.bmp
block,faces,faces072.bmp
block,faces,faces040.bmp
block,faces,faces063.bmp
block_end,faces,faces014.bmp
block_start,scrambled,scrambled018.bmp
block,scrambled,scrambled086.bmp
block,scrambled,scrambled014.bmp
block,scrambled,scrambled084.bmp
block,scrambled,scrambled057.bmp
block,scrambled,scrambled076.bmp
block,scrambled,scrambled001.bmp
block,scrambled,scrambled021.bmp
block,scrambled,scrambled010.bmp
block,scrambled,scrambled011.bmp
block,scrambled,scrambled052.bmp
block,scrambled,scrambled060.bmp
block,scrambled,scrambled037.bmp
block,scrambled,scrambled015.bmp
block_end,scrambled,scrambled005.bmp
block_start,scenes,scenes089.bmp
block,scenes,scenes092.bmp
block,scenes,scenes025.bmp
block,scenes,scenes035.bmp
block,scenes,scenes038.bmp
block,scenes,scenes041.bmp
block,scenes,scenes039.bmp
block,scenes,scenes050.bmp
block,scenes,scenes003.bmp
block,scenes,scenes024.bmp
block,scenes,scenes084.bmp
block,scenes,scenes048.bmp
block,scenes,scenes017.bmp
block,scenes,scenes068.bmp
block_end,scenes,scenes029.bmp
